{
    "f1": 0.5520169851380042,
    "roc_auc": 0.8304086578779644
}